1,google.com
1001,ldblog.jp
2001,cc.com
3001,imagevenue.com
4001,mediatakeout.com
5001,buyee.jp
6001,icontact.com
7001,qq5.com
8001,nat.gov.tw
9001,whatsmydns.net
10001,worldtimebuddy.com
11001,maishoudang.com
12001,mtbr.com
13001,allmonitors.net
14001,getdllfile.com
15001,rumorfix.com
16001,vezess.hu
17001,cena.com.cn
18001,safarinow.com
19001,pdfforge.org
20001,singtao.ca
21001,kyoto.jp
22001,tomandlorenzo.com
23001,gekiura.com
24001,askdin.com
25001,juragancipir.com
26001,fbo.gov
27001,citysquares.com
28001,bigmoneybox.biz
29001,lasvegas.com
30001,alo.bg
31001,yellowpages.co.th
32001,liaoxuefeng.com
33001,wtmlondon.com
34001,noobmeter.com
35001,themestotal.com
36001,cocoacontrols.com
37001,debijenkorf.nl
38001,cinespot.net
39001,deautos.com
40001,gandalfporn.com
41001,gipernn.ru
42001,paintnite.com
43001,ignisnatura.cl
44001,wclc.com
45001,lareduction.fr
46001,xneolinks.com
47001,zhuoaiwang.com
48001,css3gen.com
49001,golestanema.com
50001,vocuspr.com
51001,playrust.com
52001,proxy4free.com
53001,lc115.com
54001,newqc.cn
55001,xiu8.com
56001,allinchrome.com
57001,oikiaka.gr
58001,hurtom.com
59001,kikki-k.com
60001,askquran.ir
61001,madsg.com
62001,wahawang.com
63001,xrea.jp
64001,trust.org
65001,12gebrauchtwagen.de
66001,facebookpostmarketing.blogspot.com
67001,macprovideo.com
68001,cars.ru
69001,juanmerodio.com
70001,tagcome.com
71001,famili.fr
72001,npe.com.cn
73001,divinebitches.com
74001,nyrr.org
75001,aturduit.com
76001,banner-netmarketing.de
77001,kemdetki.ru
78001,ykkap.co.jp
79001,prnasia.com
80001,lauraribas.com
81001,gameskip.com
82001,entity.hu
83001,kugo.cc
84001,backlinkr.net
85001,nextechclassifieds.com
86001,engineersedge.com
87001,mafreebox.free.fr
88001,carlsjr.com
89001,ccio.co
90001,integral-marketing.com
91001,surveycentersin.com
92001,aforextrading.com
93001,craziestsportsfights.com
94001,vforum.org
95001,4497.com
96001,theschooloflife.com
97001,themanbookerprize.com
98001,carnegieendowment.org
99001,savoo.co.uk
100001,playboytubes.com
101001,blacklapel.com
102001,erpnext.com
103001,maennerseite.net
104001,aleksius.com
105001,tapgerine.com
106001,besttrusts.jp
107001,uai.cl
108001,chilliclubs.com
109001,gcu.edu.pk
110001,bangaloreclassic.com
111001,godairyfree.org
112001,kuronekonowiz.jp
113001,blume2000.de
114001,stamplay.com
115001,ykluzhou.com
116001,civiweb.com
117001,bigboygames.com.br
118001,leechdrive.com
119001,saviezvous.fr
120001,lululu.ws
121001,marykay.ru
122001,895stream-site.com
123001,webmasterpark.net
124001,gamesatis.com
125001,2games.com
126001,red.es
127001,elbanota.com
128001,tolooei.com
129001,compareit4me.com
130001,cpvtour.com
131001,fashionesta.com
132001,dvdizzy.com
133001,adeptra.net
134001,boc.lk
135001,centerpointe.com
136001,wakayama-u.ac.jp
137001,omelhordobairro.com.br
138001,naturaltherapypages.com.au
139001,sshan.net
140001,lorealparis.pl
141001,classi4au.com
142001,cbd.ae
143001,localsaver.com
144001,videostar.pl
145001,thevitalounge.net
146001,novfishing.ru
147001,dllmagnodis.com
148001,pornosdeutsche.com
149001,chemodan.ua
150001,z0r.de
151001,one-spec.com
152001,dynamomania.com
153001,waymarking.com
154001,hotindiantube.com
155001,psdexplorer.com
156001,aseaofblue.com
157001,watch-band-center.com
158001,behzisti.ir
159001,theneedledrop.com
160001,saascontrol.com
161001,mapnagroup.com
162001,kixer.com
163001,airportrentals.com
164001,siemens-home.cn
165001,lifeinabreakdown.com
166001,marykay.com.cn
167001,windows10.pro
168001,henho.org
169001,fiestamericana.com
170001,ulcm.org
171001,solascriptura-tt.org
172001,mommyskitchen.net
173001,moenormangolf.com
174001,alghadeer.tv
175001,actublog24.com
176001,cdtorrents.com
177001,skys365.com
178001,indigodergisi.com
179001,scometix.com
180001,tyreleader.co.uk
181001,barbwire.com
182001,regtransfers.co.uk
183001,inistanbultopkapi.com
184001,glavcom.tv
185001,lazialita.com
186001,computeralliance.com.au
187001,temp.su
188001,pokemonpets.com
189001,csindy.com
190001,hq-mirror.de
191001,serialbay.com
192001,titlepro247.com
193001,guiadacidade.pt
194001,shnobas.ir
195001,walking-dead.ru
196001,ndsl.kr
197001,maxsteel.com
198001,gigbuilder.com
199001,businessweekme.com
200001,cafephim.vn
201001,craftcoffee.com
202001,yishimei.cn
203001,ispch.cl
204001,lagerhaus.se
205001,globalsugarart.com
206001,youkai-world.com
207001,metamarket.ua
208001,zoom-na.com
209001,hg.pl
210001,bloggermint.com
211001,cholotube.org
212001,guiasana.com
213001,zeitjung.de
214001,figany.in
215001,ambercutie.com
216001,learnalanguage.com
217001,creativejob.in
218001,dontfilter.us
219001,actionfigureinsider.com
220001,brief.pl
221001,egofm.de
222001,be-stock.com
223001,bakerychina.com
224001,sch.gov.qa
225001,boxofapps.net
226001,codeyarns.com
227001,bnconline.com
228001,tradernet.bg
229001,vesti-sochi.tv
230001,thebabeserotic.com
231001,giveawayradar.weebly.com
232001,amucontrollerexams.com
233001,amazebash.com
234001,forum.ee
235001,rcfp.org
236001,cit.ie
237001,pangu.com
238001,mcmap.cc
239001,onlinesport.ro
240001,laverywild.com
241001,youtubeonfire.biz
242001,choxuanloc.com
243001,lankanewspapers.com
244001,egalacoral.com
245001,startup.sx
246001,bellezapura.com
247001,sis.gov.uk
248001,creepingsharia.wordpress.com
249001,thetrunklabel.com
250001,peteristhewolf.com
251001,samui-villas.com
252001,grubster.com.br
253001,viralorigins.com
254001,gobison.com
255001,officexpress.com.tr
256001,juguettos.com
257001,toshokan-sensou-movie.com
258001,alarma-de-lluvia.com
259001,tramontana.ru
260001,zone-concours.com
261001,housedo.com
262001,kha.com.tr
263001,systemsauto.ru
264001,vpoltave.info
265001,eltrekka.gr
266001,freejobalert.guru
267001,dmgroup.it
268001,raidsonline.com
269001,mitsubishi.com
270001,publicmutualutcconnect.com.my
271001,lockme.pl
272001,onlaynfilmy.com
273001,odiadhoom.mobi
274001,jeep.fr
275001,teachit.co.uk
276001,lovebookx.ga
277001,grossglockner.at
278001,adsearch.ir
279001,madhurcouriers.in
280001,designconnected.com
281001,crochetmagazine.com
282001,decadeofseo.com
283001,xentax.com
284001,lubrisid.com
285001,rc-race-shop.de
286001,inspectelement.com
287001,chronometre-en-ligne.com
288001,gasookpopgalore.net
289001,wellpoint.com
290001,kupongkode.com
291001,prins.co.jp
292001,ikyaglobaledu.net
293001,vumedi.com
294001,adultpornbook.com
295001,cx-portal.com
296001,checkip.org
297001,avastkorea.com
298001,drizzleanddip.com
299001,nesmaairlines.com
300001,ninjal.ac.jp
301001,unisonnik.ru
302001,sparkasse-luenen.de
303001,geek4arab.com
304001,ticjob.es
305001,ezacg.net
306001,submittiger.com
307001,blazinghosted.com
308001,hailedu.gov.sa
309001,xacti.com
310001,office-angels.com
311001,incomeinn.com
312001,ecuazonatv.net
313001,prepladder.com
314001,silverprestigecabs.com.au
315001,source4teachers.com
316001,discoverycube.org
317001,greekcook.gr
318001,wphunters.com
319001,itlab.com.br
320001,justice.md
321001,text-lyrics.ru
322001,s-4soft.com
323001,turniki-perm.ru
324001,levnestavebniny.cz
325001,alatur.com
326001,2girl.net
327001,skina-app.com
328001,nfed.co.uk
329001,smartdevice.kr
330001,onlyhentaistuff.com
331001,rrfcu.com
332001,istruzione.umbria.it
333001,aqarroom.com
334001,nevabrick.ru
335001,digitalmonkey.nl
336001,adminsimple.com
337001,streetstorm.ru
338001,algeriangate.blogspot.com
339001,1946bv1946.com
340001,mons.be
341001,playxp.ru
342001,naukri2day.com
343001,femdomdestiny.com
344001,sportinglife.bg
345001,africanfucktour.com
346001,puzzvo.com
347001,entertainment101.info
348001,ediaryhiroko.com
349001,ipribeh.cz
350001,ipornmovs.com
351001,webrocom.net
352001,bitmagazine.nl
353001,indomotoblog.net
354001,chassezdiscount.com
355001,taximobility.com
356001,komsat.org
357001,delmondo.info
358001,novagame.org
359001,granit-parts.it
360001,preactis.co
361001,othercriteria.com
362001,321youtube.com
363001,heinzketchup.com
364001,marketlytics.com
365001,emlog.net
366001,specialfurnitureservices.com
367001,gourmetwarehouse.ca
368001,dogusfacil.com.br
369001,chashnik.com
370001,climatecolab.org
371001,jinwuzhongguo.com
372001,giikorea.co.kr
373001,onlineveilingmeester.nl
374001,i-vietnam.vn
375001,multiplelisting.com
376001,gcimagazine.com
377001,gref-bretagne.com
378001,ooqiu.com
379001,pressreleasepad.com
380001,iphone-lab.net
381001,ilhak.co.kr
382001,wwexship.com
383001,musictogether.com
384001,eonlineguru.com
385001,fjordtours.com
386001,nostalgieimkinderzimmer.de
387001,areeya.co.th
388001,cotemig.com.br
389001,domdom.kz
390001,startromagna.it
391001,nousguide.com
392001,adscl.com
393001,miravalencia.com
394001,konaworld.jp
395001,apotapov777.livejournal.com
396001,packagingserved.com
397001,bideshbangla24.com
398001,opinbud.pl
399001,splashdirectory.com
400001,azureva-vacances.com
401001,megaenglib.com
402001,dailymedi.com
403001,hdmango.com
404001,growingyourbiz.co
405001,hotrose.net
406001,redecoratehomes.com
407001,digitaldimensions4u.com
408001,bkmobi.in
409001,threatconnect.com
410001,xeon-dns.net
411001,bg-group.com
412001,freegals.biz
413001,globalgrey.co.uk
414001,driveviper.com
415001,noelv.info
416001,skynetitalia.net
417001,mercatdetallers.cat
418001,sberbank.rs
419001,valutasitoweb.it
420001,yalbert.free.fr
421001,cnq.org
422001,zorins.livejournal.com
423001,webvolumecontest.com
424001,siloker.info
425001,biznesseo.ru
426001,rws-verlag.de
427001,saqa.com
428001,revshare.com
429001,midttrafik.dk
430001,entremuslims.fr
431001,onwallstreet.com
432001,recruitby.net
433001,arabayarisi.com
434001,icombat.com
435001,soleilprod.com
436001,ukpassats.co.uk
437001,freeadpostonline.com
438001,liquidhub.com
439001,speedy.com
440001,rightwingtribune.com
441001,fashionis.com
442001,totalhealthmagazine.com
443001,zeekrewardsreceivership.com
444001,vipescortspb.com
445001,aprendeaprogramar.com
446001,artyria.com
447001,www.net.kg
448001,basinilankurumu.gov.tr
449001,udans.com
450001,mayostyle.com
451001,luoding.gov.cn
452001,wingevapen.no
453001,tour.com.bd
454001,kursy.uz
455001,misli.bg
456001,okincontri.com
457001,kab.co.kr
458001,comlandi.fr
459001,origami-shop.com
460001,mevlana.edu.tr
461001,sidneyphillips.co.uk
462001,cooln.kr
463001,fightcopyrighttrolls.com
464001,projectmc2.com
465001,mingkywa.com
466001,actaplantarum.org
467001,desiclinic.com
468001,amicmovies.com
469001,wmo.at
470001,hsflamingo.cz
471001,littlenudistworld.com
472001,kockashop.hu
473001,incest-porn.org
474001,dealdirect.nl
475001,jadecom.or.jp
476001,philippinen-nachrichten.info
477001,karacol.es
478001,el3orod.com
479001,burton-menswear.com
480001,geoffreyliauphotography.com
481001,sanqin.com
482001,zongteng.me
483001,unidruk.com.pl
484001,richardson.com
485001,imsciences.edu.pk
486001,nitoyon.com
487001,ingliando.net
488001,theshipslist.com
489001,longmanenglish.cn
490001,excursionphuket.com
491001,mamatothemax.nl
492001,vendingworld.com
493001,coremindtechnologies.com
494001,soccer-training-info.com
495001,hellinger.com
496001,honoraryconsul.ru
497001,philippineblogawards.com.ph
498001,deep-purple.com
499001,raovat5s.biz
500001,arijaycomet.com
501001,transparenciapresupuestaria.gob.mx
502001,baue.com
503001,hubbub.net
504001,ccucm.edu.cn
505001,maniaxantenna.com
506001,m-d-land.com
507001,48hrbooks.com
508001,stopotkat.net
509001,1guo.cc
510001,oliviatheshop.com
511001,realstar.ca
512001,mostof.net
513001,vibgyoron.com
514001,gundistrict.com
515001,bioshop.gr
516001,shkmbz.com
517001,thetford-europe.com
518001,lalavesi.com
519001,ssmotor.ir
520001,astral-guild.net
521001,akcessnet.net
522001,in-due.de
523001,kkb.ru
524001,psyreactor.com
525001,cheapoairfare.in
526001,alriyada.ly
527001,mightandmagicworld.de
528001,pressreleaseforum.com
529001,clkbogazici.com.tr
530001,galeriajubilerska.pl
531001,vormingplusgent-eeklo.be
532001,tommyswiss.com
533001,fly24.com
534001,shikoku-u.ac.jp
535001,learnsketch.com
536001,chat-site.net
537001,altenpflegeschueler.de
538001,h-purupuru.jp
539001,nkg-deadball.biz
540001,beerrecipes.org
541001,pefsis.edu.pk
542001,iplay99.com.tw
543001,itexperience.net
544001,papco.ir
545001,japanimoo.com
546001,s25nw55.tumblr.com
547001,fliphost.net
548001,rhodes.gr
549001,elit-dah.com
550001,fundslibrary.co.uk
551001,vhebron.net
552001,trendingnewsarchive.com
553001,hslf168.com
554001,xxl.uno
555001,yadymen.com
556001,sumka-style.ru
557001,frederiquegame.fr
558001,owengreaves.com
559001,orb-academic.org
560001,hfhyc.com
561001,alzipmat.co.kr
562001,duracellpowermat.com
563001,onedirect.in
564001,xxl-besucher.de
565001,uir.ac.ma
566001,samuelfrench-london.co.uk
567001,gamexchange.co.uk
568001,exchangerszone.com
569001,addicted-to-web.com
570001,etctenancycleaning.co.uk
571001,stumble.com
572001,nvkupon.ru
573001,petro-7.com.mx
574001,bigbend.edu
575001,lecarredor.com
576001,rkg1866.org
577001,shalimarcorp.com
578001,zonomi.com
579001,bluray-player-software.com
580001,ohrana-bgd.narod.ru
581001,lucidmeetings.com
582001,alfaromeo.com.tr
583001,newstvforum.blogspot.com
584001,sipa.gr
585001,placeryrelax.com
586001,suse.edu.cn
587001,nerdr.com
588001,televisionhd.net
589001,animography.net
590001,scienceboard.net
591001,pagedmarketing.com
592001,mayline.com
593001,vacode.org
594001,florame.com
595001,lippys.co.za
596001,hybridclub.tw
597001,fantex.com
598001,annaoriona.ru
599001,ideafinder.com
600001,gsm-komplekt.com
601001,jeepstercommandoclub.com
602001,denicher.com
603001,mwrforum.net
604001,11klassniki.ru
605001,100mv.com
606001,luceossmart.com
607001,soluciones-caseras.com
608001,beaverslider.com
609001,hauscollection.com.tw
610001,teknoisme.com
611001,diningchicago.com
612001,villy.co.kr
613001,rubroad.ru
614001,smartonline.com.au
615001,naftir.com
616001,potolok.ws
617001,trip-show.com
618001,kids-on-cruise.de
619001,pixelatingbits.com
620001,agentur-filmgesichter.de
621001,sh.edu.cn
622001,idi.ie
623001,gandhiappliances.com
624001,tvnewz.me
625001,xmjurui.com
626001,serverworlds.com
627001,reacenter.ru
628001,chamxanh.com
629001,southjerseygas.com
630001,coverings.com
631001,zoekratzmann.com
632001,lucky-print.biz
633001,formaya.com
634001,lmht2t.blogspot.com
635001,cruiseshipschedule.com
636001,leehamnews.com
637001,mkt6018.com
638001,baudaeletronica.com.br
639001,wnsr050.com
640001,arxan.com
641001,numerosracionales.com
642001,javelingroup.com
643001,perfume-bg.eu
644001,spongebob.de
645001,ccxcwyp.tmall.com
646001,ukga.com
647001,t.co.il
648001,vandorproducts.com
649001,carwash.com
650001,zoover.cz
651001,marketpaketi.com
652001,howtobeinstantlyirresistible.com
653001,testdownload.ir
654001,giftcraft.com
655001,mit.go.tz
656001,medcare-dermozone.com
657001,keddell.no
658001,abtinserver.com
659001,gunschallenge.com
660001,breakfast-reviews.net
661001,magicexpress.jp
662001,hosthost.biz
663001,meadekorea.co.kr
664001,wfjsd.com
665001,gocs.pl
666001,kubtel.ru
667001,nuttysmadhouse.biz
668001,kelleybluebookimages.com
669001,themadtraveleronline.com
670001,isos.com.br
671001,alarjowan.net
672001,isrotelexclusivecollection.com
673001,serjus.com.br
674001,emailbusinesscourse.com
675001,ats-krefeld.com
676001,bernay-habitat.com
677001,ubuntuleon.com
678001,unfuckyourhabitat.com
679001,belgrave-crescent.squarespace.com
680001,incondicionales.com.mx
681001,saudihoreca.com
682001,arhiv-familii.org
683001,fundaciongasnaturalfenosa.org
684001,tula-guns.ru
685001,raovattot.tk
686001,secure-translations.com
687001,siteinfotool.com
688001,uu.cc
689001,imperiatovar.ru
690001,fideamerica.com
691001,ratingmovies.com
692001,kleinezebra.com
693001,infouruguay.com.uy
694001,pinguimatrevido.ga
695001,ttvgroup.net
696001,nonowa.link
697001,helloflock.com
698001,pocketdentistry.com
699001,alvion-logd.de
700001,bahisbets24.com
701001,photoforum.com.au
702001,solitaireturkyie.com
703001,heavydutynames.com
704001,simoncowellonline.com
705001,zeiri4.com
706001,simplygum.com
707001,solar-america.net
708001,lepenthouse.com
709001,sanlameerhotel.com
710001,nabirayukomandu.ru
711001,kiddy.de
712001,xn--80ab1afm5f.su
713001,aixingzuo.com
714001,sapphireyoung.com
715001,boeffla-kernel.de
716001,last-minute-wellness.com
717001,golang-examples.tumblr.com
718001,detallesparainvitados.com
719001,biobidet.com
720001,weerstationridderkerk.com
721001,sxixm.com
722001,inpg.fr
723001,eventsandadventures.com
724001,5kaixin.net
725001,picasso.fr
726001,ufoandstrange.com
727001,sexkzn.com
728001,hadoopchennai.in
729001,telhai.ac.il
730001,molypoly.ru
731001,inliteresearch.com
732001,bazaprezentow.pl
733001,topbnb.it
734001,famplan.org.hk
735001,bigplantnursery.co.uk
736001,allblogtips.in
737001,biogps.org
738001,mitbbssg.com
739001,uniqueexports.info
740001,momsontv.com
741001,wicktory.co.za
742001,fundraisingpro.ru
743001,jav-life.com
744001,ifmgroup.it
745001,ism.lt
746001,evas.mx
747001,prime-strategy.co.jp
748001,solananetworks.com
749001,webarbiter.com
750001,centraldecomunicacion.es
751001,clienttrack.net
752001,partyrent.com
753001,palestezjometr.pl
754001,halloweencostumesforkidss.com
755001,norcostco.com
756001,pinksamurai.org
757001,direktaufladen.de
758001,print-a-tet.ru
759001,koipkro.kostroma.ru
760001,kanadam.com
761001,dykema.com
762001,mybbmc.com
763001,teeduptravel.com.au
764001,mar-bee.tumblr.com
765001,domnator2.tumblr.com
766001,preciooro.com
767001,supratours.ma
768001,qsite.com.tw
769001,espanolparainmigrantes.wordpress.com
770001,pzd.pl
771001,allwatchsites.com
772001,c-elysee-club.com.ua
773001,filipesoares.com.br
774001,potolok75.ru
775001,employment-news-today.in
776001,niss.com.br
777001,3porosenka.ru
778001,rmalab.com
779001,airliquide.de
780001,fozzyshop.com.ua
781001,seemooswetter.de
782001,thuevanphong.com.vn
783001,pablolopez.org
784001,clicads.com.ng
785001,mamatch.com
786001,publipan.net
787001,joutsen.com
788001,freeadsportal.com
789001,airforce.gov.au
790001,dokidome.com
791001,cockofhorse.com
792001,aizhanhamit.kz
793001,mightyfingers.com
794001,jollibee.com.vn
795001,mazdaworld.org
796001,adsbomb.com
797001,scts.ch
798001,mynit.net
799001,movilquick.net
800001,chicco.co.uk
801001,wasserkuppe.com
802001,alltel.com
803001,wallbedsnmore.com
804001,masterhorologer.com
805001,oveedia.com
806001,fpssi.com
807001,joanbaez.com
808001,asia-shangli.com
809001,hirecounsel.com
810001,labuenasemilla.net
811001,6969-chat.tv
812001,jamiesternweiner.com
813001,sofftwaretools.blogspot.com
814001,inmykonos.com
815001,ariasystems.net
816001,charterhouse.tv
817001,wordpress-deutschland.org
818001,camodude.tumblr.com
819001,kijonan.com
820001,unheval.edu.pe
821001,thefrumps.com
822001,modaynovias.net
823001,ecochildsplay.com
824001,icelandair.no
825001,mamaot.pt
826001,musicloops.com
827001,adulthakusyo.com
828001,tv-sim.ru
829001,noviosfalabella.com
830001,gpsports.co.jp
831001,towerrevo.jp
832001,peachmate.com
833001,0918717288.com
834001,infor-ingen.cl
835001,phplivex.com
836001,campaniniacessorios.com.br
837001,englishfriday.wordpress.com
838001,zreply.com
839001,hqyt.tmall.com
840001,disfracesjarana.com
841001,eordaialive.com
842001,arcacenter.com.br
843001,majestickl.com
844001,pipiwg.com
845001,reprog.wordpress.com
846001,mmilinkov.wordpress.com
847001,gamingshogun.com
848001,guzelkelimelerdukkani.com
849001,taylormorriseyewear.com
850001,panoramagrouphotels.com
851001,beautylife.asia
852001,filmxxx.xxx
853001,moomba.com
854001,codecksrus.com
855001,lahejsultan.com
856001,campsongs.wordpress.com
857001,freebets4all.com
858001,4files.us
859001,elko.no
860001,doc-jukebox.info
861001,free-of-stress.ru
862001,newsoftdemo.info
863001,handyattacke.de
864001,sovereigngrace.com
865001,aexpertise.com.br
866001,sznuglas.com
867001,where2holiday.com
868001,hastarehberi.com
869001,gembox.in
870001,searsarchives.com
871001,pinkasianpussy.com
872001,vimaxkapsuloriginal.com
873001,battle-pokemon.com
874001,extrarace.com
875001,codjumper.com
876001,canunqom.ir
877001,olhaochurros.com.br
878001,164lu.us
879001,celebros.com
880001,markupfirm.com
881001,bitnovo.com
882001,bestodia.com
883001,slrealty.ru
884001,spinkat.ru
885001,crownetravels.com
886001,brooklynbicycleco.com
887001,heliospectra.com
888001,fresta.co.jp
889001,diasdepressao.com
890001,orgasmo.tumblr.com
891001,opam.com.mx
892001,stylelocker.co.uk
893001,toulouse-game-show.fr
894001,compraafuera.com
895001,gembax.ir
896001,soiel.it
897001,indexrise.com
898001,katalogus.pl
899001,bitcoins4.me
900001,activemobility.co.uk
901001,leica-geosystems.pl
902001,ledi-art.ru
903001,tgva.de
904001,funmaza.com
905001,grojanteam.pl
906001,badcreditoffers.com
907001,itolympiad.in
908001,palizct.com
909001,booksopinionsandbull.blogspot.in
910001,bummelwelt.de
911001,xn--b9j2a1gr65w8jxa.net
912001,wpbangla.com
913001,culturajaponesa.com.br
914001,martinlutherking.org
915001,mobicash.com.pk
916001,kyaryfanclubspanish.blogspot.com.es
917001,thejeshgn.com
918001,thesocialnetworkingacademy.com
919001,missdanidaniels.tumblr.com
920001,injeseoul.com
921001,foodhouse.pro
922001,apf.org.py
923001,osfglobalinc-my.sharepoint.com
924001,tarnamagostar.ir
925001,onezaze.com
926001,create-guesthouse.com
927001,prostroygroup.ru
928001,adzcore.com
929001,ahtihuvila.fi
930001,cognitiveclouds.com
931001,sjedues.kr
932001,neseed.com
933001,tw-store.com
934001,kiwiseo.com
935001,fostechoutdoors.com
936001,bongocinema.com
937001,doterraeveryday.com.tw
938001,thingy-ma-jig.co.uk
939001,royalnutcompany.com.au
940001,fotochwila.pl
941001,karimpur1block.in
942001,skpaudio.com
943001,eztopsworldwide.com
944001,stoneridgehomesinc.com
945001,amj-uk.com
946001,gmbshair.com
947001,mamachee.com
948001,aktravelsbd.com
949001,moriajoias.com.br
950001,greatvillageholidays.com
951001,controlgroup.com
952001,jumbomas.com.ar
953001,kimsreport.co.kr
954001,sketchhunt.com
955001,pumpkinfarm.com
956001,performancedirect.co.uk
957001,g-tedproductions.blogspot.com
958001,fifiu.net
959001,superplanets.com.pe
960001,spid-pro.de
961001,bacani.info
962001,vorespuls.dk
963001,izloo.com.pk
964001,whengeekswed.com
965001,linuxmania.jp
966001,neaspora.gr
967001,dic.im
968001,mediaathome.de
969001,mapleside.com
970001,acozinhar.pt
971001,asodao.info
972001,yadman.net
973001,diverse-cdn.com
974001,dragees-massardier.fr
975001,hd-smartphone.net
976001,itweb.tv
977001,trioplast.com
978001,route41.fr
979001,ceritadewasa.wix.com
980001,clubgoesting.be
981001,michelson.pl
982001,binarymarket.ru
983001,pleaweb.net
984001,newschittagong24.com
985001,civfanatics.ru
986001,basic-photography-tips.com
987001,lexipol.com
988001,ubergag.com
989001,ka1-mode.de
990001,madison-co.com
991001,flamingo.co.id
992001,asindexing.org
993001,moebel-vergleichen.de
994001,selimozdem.com
995001,mmanagement.no
996001,redrooster.pl
997001,soccercpa.com
998001,mypapershop.com
999001,xnxxpornovideosbr.com
